{"gridlove_default_sidebar":{"gridlove_category_widget-6":{"title":"Topics","categories":["2","73","4","3","6"],"count":1,"type":"count-color","gridlove-highlight":0},"gridlove_posts_widget-2":{"title":"Recent posts","orderby":"date","category":null,"numposts":9,"time":"0","slider":1,"per_slide":3,"auto_detect":0,"meta":[],"manual":[],"format":"0","tag":"","gridlove-highlight":0}},"gridlove_default_sticky_sidebar":{"mks_ads_widget-15":{"title":"","size":"large","num_per_view":1,"rotate":0,"randomize":0,"nofollow":0,"no_target_blank":0,"speed":5,"ad_width":0,"ad_height":0,"ads":[{"img":"http:\/\/mekshq.com\/static\/gridlove\/gridlove_ad_300x250.jpg","link":"#"}],"gridlove-highlight":0}},"gridlove_header_sidebar":{"mks_social_widget-6":{"title":"Follow us","content":"Don't be shy, get in touch. We love meeting interesting people and making new friends.","style":"circle","size":44,"target":"_blank","social":[{"icon":"facebook","url":"https:\/\/www.facebook.com\/mekshq"},{"icon":"twitter","url":"https:\/\/twitter.com\/mekshq"},{"icon":"youtube","url":"http:\/\/youtube.com\/"},{"icon":"blogger","url":"http:\/\/blogger.com"}],"gridlove-highlight":0},"gridlove_posts_widget-5":{"title":"Most popular","orderby":"views","category":["4"],"numposts":12,"time":"0","slider":1,"per_slide":3,"auto_detect":0,"meta":[],"manual":[],"format":"0","tag":"","gridlove-highlight":0},"gridlove_posts_widget-6":{"title":"Most discussed","orderby":"comment_count","category":["6"],"numposts":12,"time":"0","slider":1,"per_slide":3,"auto_detect":0,"meta":[],"manual":[],"format":"0","tag":"","gridlove-highlight":0}},"gridlove_sidebar_1":{"text-6":{"title":"Highlight option","text":"Turn on the \"highlight\" option for any widget, to get an alternative styling like this. You can change the colors for highlighted widgets in the theme options. See more examples below.","filter":false,"gridlove-highlight":1},"gridlove_posts_widget-3":{"title":"Posts Widget","orderby":"date","category":null,"numposts":5,"time":"0","slider":0,"per_slide":3,"auto_detect":0,"meta":[],"manual":[],"format":"0","tag":"","gridlove-highlight":0},"gridlove_posts_widget-4":{"title":"Post slider","orderby":"date","category":null,"numposts":9,"time":"0","slider":1,"per_slide":3,"auto_detect":0,"meta":[],"manual":[],"format":"0","tag":"","gridlove-highlight":1},"mks_author_widget-6":{"title":"","author":3,"auto_detect":0,"display_name":1,"display_avatar":1,"display_desc":1,"display_all_posts":1,"name_to_title":0,"link_to_name":0,"link_to_avatar":0,"link_text":"View all posts","link_url":"","avatar_size":80,"gridlove-highlight":0},"gridlove_category_widget-4":{"title":"","categories":["2","3","4","73","6"],"count":1,"type":"full-color","gridlove-highlight":0},"gridlove_category_widget-5":{"title":"Categories count color","categories":["2","3","4","73","6"],"count":1,"type":"count-color","gridlove-highlight":0},"mks_ads_widget-17":{"title":"Advertisement","size":"large","num_per_view":1,"rotate":0,"randomize":0,"nofollow":0,"no_target_blank":0,"speed":5,"ad_width":0,"ad_height":0,"ads":[{"img":"http:\/\/mekshq.com\/static\/gridlove\/gridlove_ad_300x250.jpg","link":"#"}],"gridlove-highlight":0},"mks_ads_widget-18":{"title":"Small ads","size":"small","num_per_view":4,"rotate":0,"randomize":0,"nofollow":0,"no_target_blank":0,"speed":5,"ad_width":0,"ad_height":0,"ads":[{"img":"http:\/\/mekshq.com\/static\/gridlove\/gridlove_ad_125x125_01.jpg","link":"#"},{"img":"http:\/\/mekshq.com\/static\/gridlove\/gridlove_ad_125x125_02.jpg","link":"#"},{"img":"http:\/\/mekshq.com\/static\/gridlove\/gridlove_ad_125x125_03.jpg","link":"#"},{"img":"http:\/\/mekshq.com\/static\/gridlove\/gridlove_ad_125x125_04.jpg","link":"#"}],"gridlove-highlight":0},"mks_flickr_widget-4":{"title":"Flickr","id":"23100287@N07","count":"9","t_width":"79","t_height":"79","gridlove-highlight":0},"mks_social_widget-3":{"title":"Social Widget","content":"Collaboratively harness market-driven processes whereas resource-leveling internal or \"organic\" sources. ","style":"circle","size":42,"target":"_blank","social":[{"icon":"facebook","url":"http:\/\/mekshq.com"},{"icon":"twitter","url":"http:\/\/mekshq.com"},{"icon":"wordpress","url":"http:\/\/mekshq.com"},{"icon":"pinterest","url":"http:\/\/mekshq.com"}],"gridlove-highlight":0},"mks_themeforest_widget-2":{"title":"ThemeForest","description":"","user":"meks","num_items":6,"exclude":"","ref":"meks","orderby":"uploaded_on","more_link_url":"http:\/\/themeforest.net\/user\/meks\/portfolio?ref=meks","more_link_txt":"View more","order":"desc","items_type":["wordpress","site-templates","psd-templates","cms-themes","ecommerce","blogging","marketing","forums","muse-templates","typeengine-themes"],"items_from":"user","target":"_blank","nofollow":0,"gridlove-highlight":0}},"gridlove_footer_sidebar_1":{"text-4":{"title":"","text":"<img width=\"159\" src=\"http:\/\/mekshq.com\/static\/gridlove\/gridlove_logo_invert.png\" alt=\"Gridlove\"\/>\r\n\r\nGridlove is an attractive WordPress theme based on a grid framework. With many layouts to choose from you\u2019ll have your website running in no time.\r\n","filter":true,"gridlove-highlight":0},"mks_social_widget-5":{"title":"","content":"","style":"circle","size":40,"target":"_blank","social":[{"icon":"facebook","url":""},{"icon":"twitter","url":""},{"icon":"pinterest","url":""},{"icon":"vine","url":""}],"gridlove-highlight":0}},"gridlove_footer_sidebar_2":{"text-5":{"title":"Email Newsletter","text":"MailChimp newsletter form can be embedded here! \r\n\r\nFor more info, please visit <a href=\"http:\/\/kb.mailchimp.com\/lists\/signup-forms\/add-a-signup-form-to-your-website\" target=\"blank\">MailChimp documentation<\/a>.","filter":true,"gridlove-highlight":0}},"gridlove_footer_sidebar_3":{"nav_menu-4":{"title":"Help & Support","nav_menu":74,"gridlove-highlight":0}},"gridlove_footer_sidebar_4":{"text-7":{"title":"","text":"<a href=\"#\"><img src=\"http:\/\/mekshq.com\/static\/gridlove\/gridlove_banner_270x200.jpg\" alt=\"Gridlove\"\/><\/a>","filter":false,"gridlove-highlight":0}}}